benchmark,revision,ns/op_min,ns/op_median,ns/op_max,B/op_median,allocs/op_median
EntropyTracker_Record,base,29255.0,35577.0,41295.0,1131.0,6.0
EntropyTracker_Record,main,28667.0,35115.0,47680.0,1131.0,6.0
EntropyTracker_Record,branch,31777.0,35800.0,43780.0,1131.0,6.0
EntropyTracker_RecordMultiSession,base,4626.0,5164.5,10814.0,1076.0,6.0
EntropyTracker_RecordMultiSession,main,4944.0,5062.0,5633.0,1075.0,6.0
EntropyTracker_RecordMultiSession,branch,4517.0,5176.5,7544.0,1057.0,6.0
ExtractText,base,13665.0,16450.5,23458.0,6248.0,76.0
ExtractText,main,27363.0,31225.5,51450.0,10024.0,134.0
ExtractText,branch,16343.0,20707.5,62993.0,6432.0,79.0
FragmentBufferDeletePrefix,main,15566397.0,17258572.0,20739342.0,0.0,0.0
FragmentBufferDeletePrefix,branch,13610440.0,15849300.0,22686051.0,0.0,0.0
FragmentBuffer_Append,base,307.9,342.15,531.1,200.0,1.0
FragmentBuffer_Append,main,581.5,626.4000000000001,764.5,320.0,2.0
FragmentBuffer_Append,branch,304.7,382.6,400.1,48.0,1.0
FragmentBuffer_AppendAndScan,base,11050223.0,12423509.5,13074642.0,695468.0,1149.0
FragmentBuffer_AppendAndScan,main,16617297.0,18576481.0,20383572.0,1364369.0,4939.0
FragmentBuffer_AppendAndScan,branch,10574453.0,10949599.0,12308681.0,486048.0,1235.0
MCPScanResponse_Clean,base,618644.0,660087.5,960619.0,33867.5,522.5
MCPScanResponse_Clean,main,713607.0,859239.5,894605.0,60727.5,1185.5
MCPScanResponse_Clean,branch,408089.0,491160.5,710541.0,37716.5,484.0
MCPScanResponse_Injection,base,416964.0,446927.0,523100.0,35511.0,556.0
MCPScanResponse_Injection,main,742690.0,923488.5,1238778.0,72356.0,1319.0
MCPScanResponse_Injection,branch,378174.0,396324.5,502330.0,44851.5,567.0
MatchDomain/exact,base,119.0,146.89999999999998,307.6,48.0,1.0
MatchDomain/exact,main,512.1,799.5999999999999,982.3,48.0,1.0
MatchDomain/exact,branch,3.159,3.8705,5.126,0.0,0.0
MatchDomain/wildcard,base,139.8,148.6,189.2,48.0,1.0
MatchDomain/wildcard,main,724.1,869.3,1439.0,64.0,2.0
MatchDomain/wildcard,branch,96.02,141.65,281.4,48.0,1.0
Parallel_Blocklist,base,2017.0,2255.0,2660.0,744.0,20.0
Parallel_Blocklist,main,2092.0,2331.0,2939.0,760.0,21.0
Parallel_Blocklist,branch,1857.0,2823.5,3900.0,744.0,20.0
Parallel_DLPBlock,base,10657.0,11598.0,18084.0,7399.5,203.0
Parallel_DLPBlock,main,12040.0,15751.5,19419.0,8479.5,243.0
Parallel_DLPBlock,branch,10873.0,11177.5,21805.0,7514.5,141.0
Parallel_Entropy,base,59576.0,73940.5,83221.0,19572.5,387.0
Parallel_Entropy,main,61976.0,91472.5,152135.0,27603.5,630.0
Parallel_Entropy,branch,38392.0,59280.0,108231.0,19552.5,225.0
Parallel_ExtractText,base,8378.0,11479.5,12388.0,6248.0,76.0
Parallel_ExtractText,main,13572.0,22500.5,39700.0,10024.0,134.0
Parallel_ExtractText,branch,9942.0,14945.0,23213.0,6432.0,79.0
Parallel_MCPScanClean,base,187068.0,211238.5,237752.0,26726.5,521.0
Parallel_MCPScanClean,main,270216.0,304319.0,519722.0,57774.0,1185.0
Parallel_MCPScanClean,branch,150734.0,180923.5,260691.0,34314.5,483.0
Parallel_MCPScanInjection,base,138523.0,151357.5,165422.0,30011.5,555.0
Parallel_MCPScanInjection,main,247620.0,447319.5,763052.0,62335.5,1317.0
Parallel_MCPScanInjection,branch,139068.0,162798.0,201389.0,40941.5,566.0
Parallel_ResponseLarge,base,6156840.0,7961040.0,20911567.0,250812.5,37.5
Parallel_ResponseLarge,main,4023594.0,4534763.5,5856585.0,187250.5,31.5
Parallel_ResponseLarge,branch,3333465.0,3918769.5,5706240.0,178683.0,30.0
Parallel_ResponseScan,base,54421.0,58607.0,84320.0,3071.0,27.0
Parallel_ResponseScan,main,37537.0,39167.0,56850.0,5162.0,28.0
Parallel_ResponseScan,branch,37341.0,42439.0,82390.0,5127.0,28.0
Parallel_URLScan,base,106976.0,121362.0,153780.0,32945.0,751.0
Parallel_URLScan,main,239298.0,286994.0,310959.0,85837.5,2001.0
Parallel_URLScan,branch,110125.0,126688.0,223477.0,74184.0,1039.0
PreFilter_CleanText,base,2069.0,2531.5,3920.0,104.0,2.0
PreFilter_CleanText,main,2024.0,2621.5,3539.0,104.0,2.0
PreFilter_CleanText,branch,1122.0,1335.5,1621.0,104.0,2.0
PreFilter_WithPrefix,base,1741.0,1951.5,2622.0,104.0,2.0
PreFilter_WithPrefix,main,1702.0,1881.0,2041.0,104.0,2.0
PreFilter_WithPrefix,branch,958.7,1118.5,2216.0,104.0,2.0
ScanCanaryText_Clean,base,29285.0,33703.0,49002.0,7480.0,237.0
ScanCanaryText_Clean,main,67747.0,88072.0,117902.0,15952.0,560.0
ScanCanaryText_Clean,branch,43022.0,54608.5,64372.0,9328.0,220.0
ScanCanaryText_NestedEncoded,base,41507.0,50618.5,52350.0,14192.0,360.0
ScanCanaryText_NestedEncoded,main,65460.0,87495.5,108747.0,19696.0,517.0
ScanCanaryText_NestedEncoded,branch,42559.0,49886.5,69193.0,11880.0,201.0
ScanResponse_Clean,base,154608.0,194435.0,1158486.0,3952.0,27.0
ScanResponse_Clean,main,121897.0,141178.5,181711.0,5753.0,28.0
ScanResponse_Clean,branch,136570.0,152847.5,179902.0,6366.5,28.0
ScanResponse_Injection,base,139803.0,173679.0,797228.0,3242.0,11.0
ScanResponse_Injection,main,131853.0,162438.0,194679.0,3379.0,11.0
ScanResponse_Injection,branch,125614.0,139686.0,231045.0,3235.0,11.0
ScanResponse_Large/JSONLike_256KiB_Clean,main,323586690.0,363854706.5,404891408.0,3921616.0,140.0
ScanResponse_Large/JSONLike_256KiB_Clean,branch,303265645.0,366281695.5,511426248.0,3921964.0,140.0
ScanResponse_Large/JSONLike_256KiB_InjectionEarly,main,213510965.0,236019499.0,298318287.0,1030564.0,364.5
ScanResponse_Large/JSONLike_256KiB_InjectionEarly,branch,201076081.0,252085188.5,343779955.0,701456.0,320.5
ScanResponse_Large/JSONLike_256KiB_InjectionLate,main,227374851.0,260133269.5,433066472.0,998920.0,359.5
ScanResponse_Large/JSONLike_256KiB_InjectionLate,branch,243058179.0,278426577.0,339326863.0,999160.0,355.5
ScanResponse_Large/JSONLike_64KiB_Clean,main,81528468.0,97719616.0,128770707.0,2501668.0,69.5
ScanResponse_Large/JSONLike_64KiB_Clean,branch,80632598.0,114984765.0,180339817.0,3139050.0,138.5
ScanResponse_Large/JSONLike_64KiB_InjectionEarly,main,57810002.0,82863120.0,109186566.0,767468.0,252.5
ScanResponse_Large/JSONLike_64KiB_InjectionEarly,branch,53071808.0,60741868.0,70386862.0,666536.0,293.5
ScanResponse_Large/JSONLike_64KiB_InjectionLate,main,52845190.0,60227705.0,78912417.0,779984.0,326.5
ScanResponse_Large/JSONLike_64KiB_InjectionLate,branch,51543733.0,57301926.5,71843666.0,789920.0,336.0
ScanResponse_Large/NaturalProse_256KiB_Clean,main,265864697.0,318643814.0,392988245.0,9114968.0,151.0
ScanResponse_Large/NaturalProse_256KiB_Clean,branch,250082696.0,292197721.0,407696623.0,9114880.0,150.0
ScanResponse_Large/NaturalProse_256KiB_InjectionEarly,main,224871676.0,263555949.0,293291624.0,1028128.0,362.0
ScanResponse_Large/NaturalProse_256KiB_InjectionEarly,branch,219719471.0,270364911.0,358766672.0,1002068.0,367.5
ScanResponse_Large/NaturalProse_256KiB_InjectionLate,main,241121341.0,292195811.5,422566061.0,1001868.0,365.5
ScanResponse_Large/NaturalProse_256KiB_InjectionLate,branch,203338651.0,256307176.5,549389012.0,998776.0,357.0
ScanResponse_Large/NaturalProse_64KiB_Clean,main,66597500.0,69511984.0,81218144.0,2103520.0,28.0
ScanResponse_Large/NaturalProse_64KiB_Clean,branch,66118966.0,71729541.0,129644202.0,2103520.0,28.0
ScanResponse_Large/NaturalProse_64KiB_InjectionEarly,main,61156128.0,69328748.5,133708681.0,797452.0,352.0
ScanResponse_Large/NaturalProse_64KiB_InjectionEarly,branch,51109104.0,61663305.0,236573671.0,823314.0,370.5
ScanResponse_Large/NaturalProse_64KiB_InjectionLate,main,57285018.0,67348578.0,101213459.0,844392.0,380.5
ScanResponse_Large/NaturalProse_64KiB_InjectionLate,branch,55989218.0,60868108.0,187300544.0,823916.0,372.5
ScanResponse_Large/UniformFiller_256KiB_Clean,main,939545902.0,1083768312.5,1790195106.0,53896200.0,460.5
ScanResponse_Large/UniformFiller_256KiB_Clean,branch,876588383.0,932828496.5,1039491116.0,54350400.0,559.5
ScanResponse_Large/UniformFiller_256KiB_InjectionEarly,main,160231269.0,225073771.5,344307070.0,1028280.0,358.5
ScanResponse_Large/UniformFiller_256KiB_InjectionEarly,branch,127554316.0,135598765.0,150355411.0,960256.0,346.0
ScanResponse_Large/UniformFiller_256KiB_InjectionLate,main,147750823.0,163200935.5,213971328.0,1040892.0,378.0
ScanResponse_Large/UniformFiller_256KiB_InjectionLate,branch,128398693.0,136226089.0,155460234.0,1041068.0,380.0
ScanResponse_Large/UniformFiller_64KiB_Clean,main,221868398.0,255164967.0,328091443.0,13571408.0,194.0
ScanResponse_Large/UniformFiller_64KiB_Clean,branch,226880130.0,245106279.5,339808462.0,14313136.0,314.0
ScanResponse_Large/UniformFiller_64KiB_InjectionEarly,main,33363849.0,39677969.0,48482606.0,589239.5,266.0
ScanResponse_Large/UniformFiller_64KiB_InjectionEarly,branch,31792111.0,38108666.5,44212863.0,505319.0,223.0
ScanResponse_Large/UniformFiller_64KiB_InjectionLate,main,39752228.0,44798943.5,52770322.0,582957.0,271.5
ScanResponse_Large/UniformFiller_64KiB_InjectionLate,branch,33444331.0,36601276.0,56570808.0,573630.5,247.5
ScanResponse_LargeClean,base,18649644.0,20775215.0,26675548.0,193545.5,30.5
ScanResponse_LargeClean,main,10209410.0,13734072.5,16215063.0,177271.0,31.0
ScanResponse_LargeClean,branch,10287068.0,12319404.0,14506955.0,181441.0,33.0
ScanResponse_StateControlClean,base,926000.0,1106057.0,1282899.0,16627.5,40.0
ScanResponse_StateControlClean,main,787645.0,1060626.5,1303144.0,22739.0,30.5
ScanResponse_StateControlClean,branch,801457.0,903227.5,1032897.0,13390.0,29.5
ScanResponse_StateControlMatch,base,850444.0,927759.5,1587569.0,11454.0,42.5
ScanResponse_StateControlMatch,main,639444.0,876431.5,974979.0,11869.0,30.5
ScanResponse_StateControlMatch,branch,540051.0,660086.0,2541120.0,14227.0,31.0
ScanTextForDLP_Clean,base,168458.0,200262.5,241212.0,5962.0,84.0
ScanTextForDLP_Clean,main,244201.0,280604.5,589046.0,14536.5,269.0
ScanTextForDLP_Clean,branch,131161.0,155373.5,172899.0,7889.5,103.0
ScanTextForDLP_Match,base,201201.0,269975.0,593230.0,19048.5,392.0
ScanTextForDLP_Match,main,391382.0,486385.5,690330.0,38651.5,795.0
ScanTextForDLP_Match,branch,194854.0,269857.0,486359.0,24519.0,311.0
Scan_AllowedURL,base,77184.0,102416.5,118544.0,6567.0,110.0
Scan_AllowedURL,main,109917.0,135364.0,209943.0,10283.5,224.0
Scan_AllowedURL,branch,45277.0,56048.0,59192.0,8416.5,115.0
Scan_BlockedByBlocklist,base,5000.0,5698.0,6781.0,744.0,20.0
Scan_BlockedByBlocklist,main,5698.0,7292.5,10243.0,760.0,21.0
Scan_BlockedByBlocklist,branch,4912.0,5968.0,7381.0,744.0,20.0
Scan_BlockedByDLP,base,22423.0,24417.0,37414.0,7425.5,203.0
Scan_BlockedByDLP,main,32712.0,37883.0,43880.0,8499.0,243.0
Scan_BlockedByDLP,branch,21800.0,24138.5,40456.0,7522.5,141.0
Scan_BlockedByEntropy,base,152038.0,169729.5,259657.0,19647.0,387.0
Scan_BlockedByEntropy,main,220699.0,247107.5,277208.0,27683.0,630.0
Scan_BlockedByEntropy,branch,104708.0,120414.0,169843.0,19571.0,225.0
Scan_BlockedByURLLength,base,268.3,335.0,491.4,64.0,3.0
Scan_BlockedByURLLength,main,655.5,797.15,1035.0,160.0,5.0
Scan_BlockedByURLLength,branch,284.4,331.9,357.4,64.0,3.0
Scan_ComplexAllowedURL,base,285020.0,339608.5,593447.0,33025.0,751.0
Scan_ComplexAllowedURL,main,656705.0,778954.5,1035249.0,86191.0,2001.0
Scan_ComplexAllowedURL,branch,297755.0,354070.0,582286.0,74419.0,1039.0
Scan_ManyQueryParamsAllowed,base,413141557.0,464081472.0,729804061.0,21496800.0,565125.5
Scan_ManyQueryParamsAllowed,main,872973686.0,1075829637.5,1217125648.0,61693996.0,1650435.0
Scan_ManyQueryParamsAllowed,branch,411514619.0,458113881.0,506061271.0,43665756.0,841577.0
ShannonEntropy,base,5099.0,5573.5,7799.0,2120.0,7.0
ShannonEntropy,main,4752.0,5862.0,10157.0,2120.0,7.0
ShannonEntropy,branch,4340.0,5672.0,8311.0,2120.0,7.0
